name,location,contact_email,phone_number
Leonard Form,Wang Sombun,lform0@irs.gov,120 233 6852
John de Pinna,Kitakata,jde1@java.com,797 603 9056
Anitra Bidewell,Sukumo,abidewell2@netlog.com,283 396 3696
Patrice Stanaway,Tampa,pstanaway3@naver.com,813 551 5759
Leonard Adiscot,Penha Longa,ladiscot4@acquirethisname.com,766 249 9480
Audi Garham,Krajan Tekung,agarham5@smugmug.com,737 708 1336
Spense Blanc,Molchanovo,sblanc6@biblegateway.com,162 901 2235
Ossie Wheatland,Piraju,owheatland7@deviantart.com,981 599 1267
Marcie Hebble,Hengxi,mhebble8@bbb.org,378 225 4285
Loretta Sey,Ezhou,lsey9@craigslist.org,144 116 8777
Madelaine Short,Weifen,mshorta@businessweek.com,879 597 0058
Fiona Collier,Jingxi,fcollierb@mail.ru,381 314 5962
Buffy Cockill,Kete Krachi,bcockillc@google.nl,207 693 9591
Jeanette Millar,Beaverlodge,jmillard@ycombinator.com,371 500 3345
Lorenzo Esby,Zapatero,lesbye@surveymonkey.com,283 948 1432
Stavro Colbert,Al Ibrāhīmīyah,scolbertf@mysql.com,552 126 8463
Cash Toomey,Capalonga,ctoomeyg@aboutads.info,534 321 9189
Aloisia Kolin,Augusto Corrêa,akolinh@exblog.jp,385 698 3592
Rutger Sloegrave,Itanhaém,rsloegravei@people.com.cn,300 234 0110
Evvy Fetters,Xinji,efettersj@nature.com,802 879 8666
Felicle Vasentsov,Horad Barysaw,fvasentsovk@wiley.com,327 112 6815
Corliss Koomar,Międzyrzecz,ckoomarl@slate.com,646 461 6557
Letisha Greim,Lobão,lgreimm@bizjournals.com,242 224 0279
Myer Murtell,Saint-Eustache,mmurtelln@goo.ne.jp,613 997 1460
Andrew Martynov,Tangzang,amartynovo@microsoft.com,833 405 8171
Jared Ashfold,Kista,jashfoldp@si.edu,145 781 1942
Elsey Sket,Machetá,esketq@bluehost.com,673 395 3009
Chadd Janic,Manggis,cjanicr@weather.com,379 162 4898
Farand Davidou,Tha Bo,fdavidous@youtu.be,604 800 6181
Nichol Barbisch,Botevgrad,nbarbischt@example.com,273 533 9061
Ferrel Behning,Dean,fbehningu@themeforest.net,537 324 3337
Nelle Braidwood,Batasan,nbraidwoodv@columbia.edu,858 818 1836
Hanan Tout,Nangabulik,htoutw@slideshare.net,388 311 3431
Charline OIlier,Mae Ramat,coilierx@craigslist.org,732 682 4621
Carter Andryunin,Sampagar,candryuniny@tripod.com,968 713 4200
Douglas Tunna,Nova Petrópolis,dtunnaz@bravesites.com,700 129 0010
Veronique Ferrarese,Mtambile,vferrarese10@blog.com,693 761 4815
Bucky Tomsen,Luotang,btomsen11@va.gov,845 216 9277
Fawnia Rubega,Shentang,frubega12@devhub.com,933 703 8025
Lissy Ewdale,Shchelkovo,lewdale13@oaic.gov.au,892 824 6377
Ealasaid Trenam,Bailieborough,etrenam14@independent.co.uk,160 605 3796
Pierette Doldon,Zhanghua,pdoldon15@sitemeter.com,112 991 1560
Elnora Cadding,Daogao,ecadding16@networkadvertising.org,420 350 1803
Orelee Spight,Palmitas,ospight17@home.pl,315 668 2456
Alanson Edwinson,Storozhevaya,aedwinson18@hatena.ne.jp,559 632 5540
Brittaney Webling,Jiwuwu,bwebling19@google.fr,317 164 5514
Sherye Hayth,Ustupo,shayth1a@netscape.com,737 779 2337
Madalyn Elwyn,Gavea,melwyn1b@google.it,749 443 7406
Dorella Benardette,Ḩabbān,dbenardette1c@google.com,644 822 8723
Cherish Ekell,Varginha,cekell1d@tiny.cc,899 944 1142
Andris Spadari,Wanmingang,aspadari1e@blogtalkradio.com,118 220 4537
Raphaela Oldman,Goundi,roldman1f@webnode.com,516 842 9151
Kerk Sexty,Anzhero-Sudzhensk,ksexty1g@360.cn,467 389 3466
Saxe Denecamp,Jimsar,sdenecamp1h@51.la,207 432 1844
Myrwyn Chate,Belawang,mchate1i@umn.edu,956 651 4721
Weston Vittel,Bŭka,wvittel1j@homestead.com,298 790 0966
Veronica Clipston,As Sūq al Jadīd,vclipston1k@forbes.com,551 244 1366
Merridie Creffeild,Konakridee,mcreffeild1l@google.cn,412 313 3020
Tadeas Mash,Gudang,tmash1m@mail.ru,467 412 4270
Kordula Gimenez,Monticello,kgimenez1n@youku.com,763 687 6228
Sharia Brittin,Xuji,sbrittin1o@php.net,802 801 0374
Giustino Choake,Klenica,gchoake1p@kickstarter.com,593 704 8577
Shaylyn Sisley,Curahpacul Satu,ssisley1q@ed.gov,295 175 1262
Ilsa Deniseau,Desē,ideniseau1r@ucsd.edu,357 895 0374
Jarret Onyon,Buaran,jonyon1s@merriam-webster.com,302 356 6363
Thalia Geerits,Yashao,tgeerits1t@npr.org,687 474 2337
Hayward Silcock,Timashëvsk,hsilcock1u@go.com,235 106 4205
Axe Trodden,Kalmar,atrodden1v@infoseek.co.jp,326 127 6913
Stace Alekseicik,Juupajoki,salekseicik1w@vimeo.com,235 354 2745
Fawne Swinglehurst,Balqash,fswinglehurst1x@answers.com,352 657 3013
Gwenore MacFarland,Vysotskoye,gmacfarland1y@smh.com.au,726 653 0464
Pammy McGrowther,Pau,pmcgrowther1z@topsy.com,389 712 1887
Davidde Leaton,Abejorral,dleaton20@over-blog.com,498 488 3583
Zaccaria Mc Corley,Brodnica,zmc21@chicagotribune.com,950 809 0729
Kara Whitebread,Lachute,kwhitebread22@linkedin.com,707 575 4939
Toinette McKoy,Wakema,tmckoy23@blog.com,942 128 7947
Paco Grastye,Nyíregyháza,pgrastye24@multiply.com,690 835 8398
Sloane Perrigo,Kyela,sperrigo25@hp.com,564 546 7638
Blondy Cleverley,Vaiņode,bcleverley26@sina.com.cn,106 812 9086
Gualterio Larkins,Yingzhou,glarkins27@joomla.org,910 173 6348
Barnebas Leggin,Ladan,bleggin28@symantec.com,111 739 4088
Alisha Nutty,Santo Domingo,anutty29@homestead.com,145 965 6534
Hermina Forsbey,Calumpit,hforsbey2a@nhs.uk,691 568 5718
Merv Penticoot,Wukou,mpenticoot2b@live.com,371 112 8684
Lesli Mathiassen,Gapyeong,lmathiassen2c@nymag.com,316 494 6000
Raychel Reolfo,Daixi,rreolfo2d@msn.com,959 884 2530
Charyl Cattermoul,Wenjiao,ccattermoul2e@nationalgeographic.com,393 983 8632
Mick Volett,Ijūin,mvolett2f@vkontakte.ru,629 626 1270
Beatriz Kirkby,Kvasy,bkirkby2g@census.gov,662 544 7979
Robinett Duckinfield,Vishnyakovskiye Dachi,rduckinfield2h@exblog.jp,821 633 3583
Rycca Heaseman,Altos,rheaseman2i@umn.edu,328 801 3398
Michaella Benito,Velké Losiny,mbenito2j@nbcnews.com,394 662 0690
Megan Lathom,Pontevedra,mlathom2k@cpanel.net,623 620 3084
Benedikt Clair,San Felipe,bclair2l@usda.gov,573 840 7972
Fleurette Duffyn,Huotian,fduffyn2m@multiply.com,797 485 4600
Dorri Wolverson,Gaoqiaolou,dwolverson2n@blinklist.com,277 298 8346
Sansone Odney,Doghs,sodney2o@phpbb.com,905 467 2512
Jefferson Kaasman,Limanowa,jkaasman2p@senate.gov,775 990 4309
Bridgette Erik,Pucheng,berik2q@ezinearticles.com,599 635 1001
Antonio Ratledge,Paris 14,aratledge2r@fotki.com,890 606 1646
Ailyn Maly,Zhelin,amaly2s@unicef.org,382 956 0595
Roldan Whistlecroft,Settat,rwhistlecroft2t@odnoklassniki.ru,288 101 7722
Ruperta Buckleigh,Phalaborwa,rbuckleigh2u@google.it,268 318 0705
Tedmund Rugge,Tovarnik,trugge2v@creativecommons.org,178 947 0469
Rycca Deeming,Pavlovskaya,rdeeming2w@friendfeed.com,228 660 9608
Enrica Schoenfisch,Spitak,eschoenfisch2x@bbc.co.uk,233 211 3694
Elora Seagood,Nanjing,eseagood2y@tinyurl.com,674 689 9415
Ronni Lowerson,Maoming,rlowerson2z@linkedin.com,625 538 4926
Seward Middleton,Gijon,smiddleton30@nationalgeographic.com,185 969 6547
Angelita Frift,Manonjaya,afrift31@eepurl.com,912 355 2163
Claudia Joselson,Parajara,cjoselson32@example.com,669 118 8409
Alejoa Linning,Przewóz,alinning33@blogger.com,938 478 6661
Edwin Cawthry,Dębowa Łąka,ecawthry34@discovery.com,616 253 3207
Lazaro Esgate,Nagarakembang,lesgate35@fotki.com,799 296 6239
Ester Andras,Gabi,eandras36@chron.com,626 765 0114
Giulia Jaquest,Blahodatne,gjaquest37@kickstarter.com,714 342 4340
Nichole Minguet,Admiralteisky,nminguet38@tripod.com,978 482 7218
Tammy Curson,Marumori,tcurson39@sohu.com,614 933 5257
Sammy Sant,Santa Rita,ssant3a@angelfire.com,231 161 5556
Ezmeralda Bush,Moriki,ebush3b@sogou.com,109 677 4690
Clywd Kilrow,Wanling,ckilrow3c@wsj.com,553 956 5512
Caryn Atling,Novocheboksarsk,catling3d@e-recht24.de,260 142 6703
Hilde Miner,Jiashi,hminer3e@google.cn,643 758 1365
Jorey MacRannell,Bourges,jmacrannell3f@youku.com,199 528 5554
Eolanda Gracey,Hamanoichi,egracey3g@foxnews.com,702 183 1401
Augie Farre,Miandrivazo,afarre3h@tamu.edu,871 759 4716
Alissa Marishenko,El Retén,amarishenko3i@acquirethisname.com,956 876 1109
Carlynn Daughtry,Los Angeles,cdaughtry3j@jalbum.net,323 887 5784
Grantham Sturrock,Puerto Francisco de Orellana,gsturrock3k@sbwire.com,234 937 0790
Benedict Fevers,Wiązownica,bfevers3l@quantcast.com,842 497 4540
Benoit Eddington,Mairana,beddington3m@desdev.cn,527 329 8410
Elena Biddulph,Vaulx-en-Velin,ebiddulph3n@wired.com,430 689 5066
Sigvard Coetzee,Kaeng Khro,scoetzee3o@boston.com,717 418 2989
Tabatha Pragnell,Daugavpils,tpragnell3p@squarespace.com,212 725 3926
Freedman Helks,Naqadeh,fhelks3q@posterous.com,543 302 6682
Reina Wissbey,Krouna,rwissbey3r@webmd.com,747 442 5679
Marina Qualtrough,Tutup,mqualtrough3s@mlb.com,919 311 2763
Marlee Batte,Halmstad,mbatte3t@google.de,675 415 3126
Gram Jarman,Klippan,gjarman3u@nih.gov,699 630 6293
Nollie Malin,Crossfield,nmalin3v@google.com.hk,504 302 8491
Madelle Giraudel,Prakhon Chai,mgiraudel3w@printfriendly.com,560 861 3313
Bartholomeus Bernet,Klumpit,bbernet3x@shutterfly.com,147 920 6941
Hilary Bulch,Kisangani,hbulch3y@cdbaby.com,523 518 5221
Brent Clarkin,Fedorovka,bclarkin3z@bing.com,320 489 9804
Alasteir Leadbeatter,Veguitas,aleadbeatter40@imageshack.us,428 873 0343
Rawley Ruppertz,Chocianów,rruppertz41@google.ru,381 250 8407
Abagail Arlt,Jiezi,aarlt42@sohu.com,732 931 3189
Katuscha Kohnen,Bobigny,kkohnen43@macromedia.com,958 660 2137
Tamas Burke,Disina,tburke44@artisteer.com,152 836 5374
Nicolina Swansborough,Mawa,nswansborough45@un.org,902 872 0040
Ferrell Kindleysides,Cikijing,fkindleysides46@cpanel.net,244 446 8802
Adiana McKeveney,Zhaocun,amckeveney47@linkedin.com,642 896 3296
Corilla Loddy,Karangpocok,cloddy48@ca.gov,346 405 9508
Mallory Boyfield,Yangcun,mboyfield49@ibm.com,423 684 5754
Wilfrid Boorman,Gowarczów,wboorman4a@chron.com,132 157 7393
Daphna Kunze,Gayny,dkunze4b@vimeo.com,832 616 9564
Alice Doumerque,Gumalang,adoumerque4c@gizmodo.com,214 564 8278
Chaddie Kingsmill,Killumney,ckingsmill4d@jugem.jp,831 888 3100
Shirline Scutchings,Ryazan’,sscutchings4e@flavors.me,373 689 2895
Jodee Denyer,Igarapava,jdenyer4f@webeden.co.uk,792 381 1963
Rutherford Lodevick,Pop,rlodevick4g@cnn.com,633 958 5445
Stephenie Mcimmie,Gisiliba,smcimmie4h@usda.gov,399 404 5414
Glyn Dene,Bang Krathum,gdene4i@drupal.org,734 762 0140
Trumann Winstone,Épinal,twinstone4j@forbes.com,985 997 2310
Daron Cottage,San Martin,dcottage4k@ucoz.ru,168 371 5783
Miquela Bowditch,Huangshi,mbowditch4l@trellian.com,260 322 7545
Haslett Dalton,Eqlīd,hdalton4m@chron.com,879 412 8556
Marissa Breznovic,Namling,mbreznovic4n@patch.com,391 186 9040
Benjamen Newiss,Nowa Sarzyna,bnewiss4o@1und1.de,903 470 1172
Alex Melchior,Wolofeo,amelchior4p@apache.org,620 511 9452
Lance Jorger,Bāglung,ljorger4q@ezinearticles.com,553 398 7939
Faustine Tabourin,Hejia,ftabourin4r@europa.eu,228 165 4825
Cornelle Acey,Nigríta,cacey4s@bloomberg.com,157 362 1648
Ramon Nobriga,Bongbong,rnobriga4t@wikimedia.org,836 648 6073
Giacobo Meriet,Kaset Sombun,gmeriet4u@shop-pro.jp,996 251 1311
Marika Vasey,Wutan,mvasey4v@xrea.com,466 844 7154
Gill Sea,Ash Shajarah,gsea4w@netvibes.com,312 580 4955
Field Gatch,Saint-Quentin,fgatch4x@squidoo.com,778 218 5246
Ambrose Douty,Xiapu,adouty4y@apache.org,908 632 9890
Mariel Reder,Hanover,mreder4z@ucla.edu,745 204 1464
Essa Spadelli,Remiremont,espadelli50@army.mil,396 613 9096
Kaitlin Dillingham,Starcevica,kdillingham51@xing.com,447 420 0945
Wilton Brauninger,Kolsh,wbrauninger52@ftc.gov,892 722 5026
Christel Linskey,Klenje,clinskey53@hatena.ne.jp,893 767 4281
Hermy Godfrey,Funehikimachi-funehiki,hgodfrey54@goo.ne.jp,703 452 3209
Eleonore Annwyl,Quế Sơn,eannwyl55@ftc.gov,532 344 1830
Zonda Romaynes,Tando Muhammad Khān,zromaynes56@wunderground.com,251 289 6977
Justinian Rollinshaw,Cawayan,jrollinshaw57@blinklist.com,261 800 6035
Luciana Tregensoe,Lugar Novo,ltregensoe58@vk.com,914 421 2700
Lauren Lorey,Ambato,llorey59@webnode.com,160 454 9892
Caresse Skace,Keleng,cskace5a@vk.com,662 963 8007
Nicolle Kilgallon,Suphan Buri,nkilgallon5b@ifeng.com,170 829 7551
Rustin Emslie,Phichai,remslie5c@vistaprint.com,821 952 5361
Leeann Conan,Piraí do Sul,lconan5d@macromedia.com,703 510 0970
Elisabet Gogin,Carayaó,egogin5e@paginegialle.it,817 348 6432
Karleen Ferres,Zmeyskaya,kferres5f@histats.com,122 178 6833
Chris Shovel,Kombapari,cshovel5g@disqus.com,470 180 7557
Angelique Puig,Lesnikovo,apuig5h@economist.com,492 342 2436
Lilla Maynard,Cikadu,lmaynard5i@globo.com,469 931 3811
Salim Fearns,Baru Timur,sfearns5j@woothemes.com,507 408 5991
Emma Buckoke,Pongol,ebuckoke5k@uiuc.edu,252 967 6151
Joyann Defries,Neundeut,jdefries5l@toplist.cz,836 870 1687
Max Brick,Porto Alto,mbrick5m@hatena.ne.jp,498 645 0155
Esteban Irving,Burunday,eirving5n@dailymail.co.uk,239 152 0361
Johnathon Rofe,Liugong,jrofe5o@oaic.gov.au,263 200 0940
Travus D'Ambrogio,Pentéli,tdambrogio5p@photobucket.com,858 815 1382
Daloris Hainge,Ciomas,dhainge5q@marketwatch.com,346 191 7591
Ahmad Aers,Skole,aaers5r@archive.org,794 355 2682
Sharla Smithend,Luojiaping,ssmithend5s@timesonline.co.uk,171 931 4567
Hewet Presdee,Nahāvand,hpresdee5t@go.com,560 475 2278
Fredrika Readitt,Várzea Paulista,freaditt5u@newyorker.com,779 152 5428
Juditha Stivens,Matara,jstivens5v@oakley.com,105 653 3739
Heath Celez,Émponas,hcelez5w@devhub.com,791 526 5323
Malinda Burles,Cornillon,mburles5x@unicef.org,639 544 1500
Garrot Cottrell,Kapsan-ŭp,gcottrell5y@ox.ac.uk,680 513 6496
Lane Rennox,Tuamese,lrennox5z@multiply.com,916 689 0823
Carr Pilbeam,Ilmajoki,cpilbeam60@usnews.com,548 941 7212
Enid D'Enrico,Moca,edenrico61@unicef.org,116 158 3320
Dirk Meron,Opatovice nad Labem,dmeron62@theguardian.com,811 715 1321
Reube Headon,Ḩabūr,rheadon63@guardian.co.uk,759 544 6102
Terrence Van Bruggen,Bergen,tvan64@sohu.com,465 653 5110
Rachel Tales,Irtyshskiy,rtales65@trellian.com,645 431 9529
Alys Longley,Ban Phan Don,alongley66@irs.gov,294 651 1102
Dolly Gowing,Eauripik,dgowing67@nba.com,168 816 7025
Symon Fairbank,Alae,sfairbank68@unc.edu,884 162 2060
Giustino Do Rosario,Неготино,gdo69@odnoklassniki.ru,947 911 9880
Reuven Tumayan,Chengzhong,rtumayan6a@surveymonkey.com,794 437 4627
Shandie Tineman,Wakaseko,stineman6b@flavors.me,475 266 7860
Marylee Brookson,Jinghong,mbrookson6c@a8.net,979 502 4954
Heddi Kirmond,Gulao,hkirmond6d@mozilla.org,811 441 7135
Aguste Pfertner,Sudoměřice,apfertner6e@apple.com,153 146 5144
Pegeen McCartan,Talospatang,pmccartan6f@alibaba.com,105 180 6223
Murray Alves,Hengpi,malves6g@163.com,548 938 9373
Anthea Giorgi,Trollhättan,agiorgi6h@ox.ac.uk,434 157 1663
Leupold Krause,Magok,lkrause6i@livejournal.com,399 374 0524
Alphonse Simants,Borås,asimants6j@storify.com,383 727 7936
Chrysa Michallat,Odintsovo,cmichallat6k@sbwire.com,871 738 4035
Dick Sante,Playas,dsante6l@guardian.co.uk,125 381 5199
Halette Llopis,Watari,hllopis6m@webs.com,280 722 6775
Gib MacKee,Beskolen,gmackee6n@angelfire.com,733 175 8071
Timi Merrisson,Xufu,tmerrisson6o@army.mil,485 891 3525
Terrie Touson,Chuarrancho,ttouson6p@technorati.com,929 936 7244
Emmott Dorking,Khanabad,edorking6q@gnu.org,143 491 8951
Whitney Janecki,Vairão,wjanecki6r@oracle.com,769 202 8844
Thia Vanezis,Zhangqiang,tvanezis6s@gmpg.org,274 890 1103
Reg Carwithan,Pilchowice,rcarwithan6t@dedecms.com,950 644 9993
Aldwin MacKill,Bogorejo,amackill6u@slideshare.net,536 453 6763
Chloette Swateridge,Kalatongke,cswateridge6v@hubpages.com,288 438 1495
Tamera Benzie,Al Mukallā,tbenzie6w@ted.com,712 638 8230
Liuka Casiroli,Rio,lcasiroli6x@elegantthemes.com,548 220 5299
Hettie Begent,Wentugaole,hbegent6y@patch.com,421 519 6761
Annis Hurling,Kaliska,ahurling6z@businessweek.com,887 132 2407
Fabio Gaywood,Toksovo,fgaywood70@mit.edu,248 439 2249
Gardner Dorward,Strawczyn,gdorward71@washington.edu,922 971 5913
Andeee Realph,Lushuihe,arealph72@gnu.org,740 382 5951
Blithe Hourston,Guadalupe,bhourston73@amazon.co.uk,835 619 3395
Amata Farady,Radlje ob Dravi,afarady74@i2i.jp,931 585 9291
Bird Flea,Ban Talat Bueng,bflea75@tinyurl.com,919 451 2958
Clayson Dabinett,Camp Thorel,cdabinett76@ibm.com,161 182 6939
Bentlee Kobsch,Noen Maprang,bkobsch77@123-reg.co.uk,200 493 2568
Lottie Gaspar,Pingling,lgaspar78@squidoo.com,838 816 6655
Rancell Phibb,Numeto,rphibb79@example.com,175 409 7096
Domenico Iannelli,Lampa,diannelli7a@hao123.com,500 861 1870
Taffy Pringley,Zea,tpringley7b@alibaba.com,124 389 6391
Constancia Osman,Liyang,cosman7c@omniture.com,206 727 9064
Ashely Hitchens,Sanshui,ahitchens7d@opera.com,517 654 2705
Tamarra Gotliffe,Cimitarra,tgotliffe7e@mlb.com,243 436 1030
Natale Feron,São João do Campo,nferon7f@hexun.com,805 305 5930
Isaac Bowart,Rozhdestveno,ibowart7g@fc2.com,279 685 3759
Lin Artin,Wujiabao,lartin7h@multiply.com,897 490 5831
Nicholle Gullen,Kobeřice,ngullen7i@sbwire.com,503 413 8889
Tim Elgar,Birmingham,telgar7j@usda.gov,205 948 1112
Forest Bletsoe,Xiadingjia,fbletsoe7k@youku.com,891 744 8331
Vince Kopacek,Monte,vkopacek7l@oaic.gov.au,964 636 0966
Heidie Wordesworth,Portariá,hwordesworth7m@prlog.org,107 274 2883
Franky Euplate,Kandy,feuplate7n@smh.com.au,117 303 2529
Agathe Winscum,Soriano,awinscum7o@cornell.edu,639 475 7887
Philis Aldwich,Idfu,paldwich7p@disqus.com,676 590 4788
Benton Djokic,Pipa,bdjokic7q@marketwatch.com,771 457 6025
Arri Jewell,Luokou,ajewell7r@prweb.com,837 332 2592
Austina Vigours,Yuanbao,avigours7s@hugedomains.com,207 943 4373
Colet Biddlecombe,Barranco de Loba,cbiddlecombe7t@japanpost.jp,145 816 9595
Godfry Baxstare,Hezheng Chengguanzhen,gbaxstare7u@phpbb.com,505 344 8611
Clarice Lanfranconi,Samdrup Jongkhar,clanfranconi7v@godaddy.com,879 256 9310
Adelind Maillard,Cayungnan,amaillard7w@bravesites.com,565 268 5406
Babbette Wycherley,Tajerouine,bwycherley7x@barnesandnoble.com,568 883 3695
Alexine Hansberry,Votkinsk,ahansberry7y@answers.com,849 224 0722
Derwin Caudray,Fornelos,dcaudray7z@imdb.com,476 304 4292
Ella Pilmore,Marseille,epilmore80@phoca.cz,500 978 5552
Sibley Mowett,Kuštilj,smowett81@amazonaws.com,715 851 1302
Shantee Jimenez,Bavorov,sjimenez82@people.com.cn,975 432 2403
Megan Benford,Prosperous,mbenford83@nationalgeographic.com,545 199 5142
Merry Drayton,Novyy,mdrayton84@paginegialle.it,313 552 4622
Ketty Tomaszewski,Dayton,ktomaszewski85@gmpg.org,937 619 8169
Christine Towll,Nong Hin,ctowll86@jiathis.com,426 576 1785
Kriste Pennick,Kitango,kpennick87@dot.gov,410 375 0197
Ervin Crockatt,Choropampa,ecrockatt88@elegantthemes.com,841 118 1436
Celia Blackmore,Keti Bandar,cblackmore89@weather.com,484 764 3317
Elora Farrar,Tisco,efarrar8a@shareasale.com,232 676 7355
Channa Hext,Granja,chext8b@histats.com,978 451 5396
Leesa Andrag,Hlyboka,landrag8c@issuu.com,644 786 8417
Norrie Cattermull,Wanagiri,ncattermull8d@usatoday.com,350 918 5582
Kalil Skirving,Keti Bandar,kskirving8e@example.com,494 160 8403
Sherwood Silcock,Panambi,ssilcock8f@ocn.ne.jp,887 827 1961
Mair Este,Nishishinminato,meste8g@vk.com,817 469 7602
Essy Maciunas,Parakanpanjang,emaciunas8h@scientificamerican.com,124 376 6852
L;urette Loyley,Shiliting,lloyley8i@lycos.com,612 887 4016
Krystalle Harriss,Hamburg,kharriss8j@ebay.co.uk,737 390 9703
Hamel Craigs,Shuikou,hcraigs8k@dmoz.org,386 919 1087
Gerladina Lenthall,Hägersten,glenthall8l@devhub.com,963 462 4651
Koralle Merwede,Matangshan,kmerwede8m@smh.com.au,460 755 0585
Concettina Krol,Aygek,ckrol8n@indiatimes.com,187 826 3944
Ross Riseley,Amieira,rriseley8o@creativecommons.org,940 381 4575
Lucille Jurn,Mabusag,ljurn8p@phoca.cz,781 349 3246
Miof mela Gye,Golopau,mmela8q@cornell.edu,606 244 6275
Valaria Anyon,Creil,vanyon8r@businessinsider.com,778 821 7920
Matty Boylin,Ribafria,mboylin8s@simplemachines.org,144 765 0225
Ros Potteril,Kuantan,rpotteril8t@imdb.com,884 838 7950
Marylee Fishleigh,Le Kremlin-Bicêtre,mfishleigh8u@qq.com,893 769 5757
Pablo Gherardi,Gowurdak,pgherardi8v@goo.ne.jp,195 580 1617
Gerti Stain,Staromyshastovskaya,gstain8w@booking.com,521 612 3831
Terra Oliva,Al Fuwayliq,toliva8x@cyberchimps.com,846 824 1250
Guido McKinnon,Contagem,gmckinnon8y@epa.gov,927 199 8610
Keane Czadla,Delicias,kczadla8z@i2i.jp,337 221 1064
Courtnay Adicot,Ndibène Dahra,cadicot90@java.com,855 143 1589
Jayme Derham,Souto da Costa,jderham91@github.com,323 522 2697
Tressa Winnister,Pasrukrajan Satu,twinnister92@vk.com,667 131 5557
Alair Brookwood,Ljungbyholm,abrookwood93@skype.com,126 715 6441
Celina Tonn,Margen,ctonn94@prnewswire.com,935 883 2067
Bradley Messham,Tianjin,bmessham95@jiathis.com,131 207 7347
Violette Vasilmanov,Andrushivka,vvasilmanov96@google.co.uk,105 207 0801
Geraldine McNelly,Kabaty,gmcnelly97@npr.org,903 357 8751
Ulla Minchella,Estreito,uminchella98@youtube.com,989 494 8143
Correy Lamas,Shibushi,clamas99@aol.com,731 794 4218
Bob Paullin,London,bpaullin9a@tumblr.com,345 339 9576
Ruttger Kuhwald,Dębno,rkuhwald9b@unicef.org,493 204 5234
Laurette Ricks,Phunphin,lricks9c@sbwire.com,682 932 0377
Gerry Cleeves,Fāqūs,gcleeves9d@wsj.com,282 941 8593
Pauline Jizhaki,Brijest,pjizhaki9e@timesonline.co.uk,401 106 7635
Elinore Gagen,Santa Venera,egagen9f@umich.edu,380 582 2487
Devlen Beddard,Caldas,dbeddard9g@google.fr,119 773 7393
Axe Copeman,Moholm,acopeman9h@wikispaces.com,845 973 1280
Maureene Bog,Huang’ao,mbog9i@liveinternet.ru,394 201 9889
Berny Davidde,Penitik,bdavidde9j@rediff.com,660 501 6848
Orville Hoffman,Bileća,ohoffman9k@chronoengine.com,770 836 5679
Ewen Chapelle,Riga,echapelle9l@com.com,453 691 4976
Pacorro Betho,Myadzyel,pbetho9m@jugem.jp,469 291 6693
Chan Seer,Huanggang,cseer9n@privacy.gov.au,459 513 9408
Tomi Cardero,La Carlota,tcardero9o@nih.gov,441 900 6467
Faulkner MacAdie,Gedian,fmacadie9p@princeton.edu,429 162 1066
Gasper Crew,Calasgasan,gcrew9q@forbes.com,390 253 3721
Llewellyn Gallico,Los Pinos,lgallico9r@yale.edu,787 258 9203
Rodolphe Venediktov,Knoxville,rvenediktov9s@youtube.com,865 109 3593
Bentlee Hriinchenko,Lumil,bhriinchenko9t@cbslocal.com,319 165 1454
Godwin Earlam,Hufeng,gearlam9u@aol.com,764 309 7202
Amil Renzullo,Jistebnice,arenzullo9v@utexas.edu,467 909 3426
Padgett Gonsalo,Tabatinga,pgonsalo9w@sun.com,145 250 0703
Stefan Conaghan,Riachão do Jacuípe,sconaghan9x@whitehouse.gov,716 426 4893
Clari Decourcy,Rasony,cdecourcy9y@ycombinator.com,474 209 1477
Lorna Pingston,Kumanis,lpingston9z@thetimes.co.uk,247 751 6891
Nikolaos Stodd,Huazhai,nstodda0@rambler.ru,985 575 5638
Halley Syce,Ōmura,hsycea1@geocities.com,122 835 2507
Stefan Rickcord,Singaparna,srickcorda2@multiply.com,517 170 3494
Neda Pickhaver,Hostos,npickhavera3@people.com.cn,195 697 4309
Laura Oxborough,Karangora,loxborougha4@umich.edu,244 389 5334
Marcello Coke,Vertientes,mcokea5@hp.com,869 233 0545
Northrup Dantesia,Fada N'gourma,ndantesiaa6@google.de,739 719 1497
Ruthie Bartels-Ellis,Jizhou,rbartelsellisa7@home.pl,667 499 6184
Chancey Dixcey,Patayac,cdixceya8@narod.ru,840 797 4830
Joby Pecha,Rîbniţa,jpechaa9@csmonitor.com,968 994 3169
Alexandre Drynan,Zhouhe,adrynanaa@baidu.com,700 991 6421
Mitchel Creeboe,White Rock,mcreeboeab@ihg.com,198 888 7229
Kesley Moyser,Hebi,kmoyserac@arizona.edu,839 826 2547
Addia Tigner,Passo Fundo,atignerad@123-reg.co.uk,433 571 7682
Arley Scritch,Ranao,ascritchae@about.me,225 506 7661
Gisele McGeown,Paris 13,gmcgeownaf@wikimedia.org,237 868 2058
Hobart Heaton,Shar’ya,hheatonag@ted.com,925 724 1288
Modestine Grichukhanov,Cibinong,mgrichukhanovah@globo.com,145 736 9603
Hartley Winckle,Huangshanguan,hwinckleai@archive.org,459 699 5930
Alexa McCulley,Brinje,amcculleyaj@wordpress.com,378 633 5214
Nannie But,Iberia,nbutak@yale.edu,728 448 4667
Avigdor Pilbeam,Sutton,apilbeamal@oracle.com,908 777 0558
Lucita Froment,Stroitel’,lfromentam@last.fm,146 772 8510
Kane Felder,Karapyshi,kfelderan@google.com.au,448 932 5551
Marsiella Lamboll,San Carlos,mlambollao@rakuten.co.jp,971 514 3007
Lian Iles,Jindayris,lilesap@goodreads.com,838 327 4096
Ciro Wrey,Maputsoe,cwreyaq@npr.org,404 323 8565
Alejandro Van der Kruys,Gaborone,avanar@skyrock.com,231 275 6695
Cate Bolletti,Bulgan,cbollettias@redcross.org,912 483 2161
Prince Schwartz,Caminaca,pschwartzat@51.la,211 871 5900
Pablo Hawford,Lincoln,phawfordau@ameblo.jp,402 516 7422
Chen Guerin,Bethel Town,cguerinav@alibaba.com,814 387 8496
Keelby Jaquemar,Changping,kjaquemaraw@techcrunch.com,985 438 2770
Giulietta Trainer,Rucheng Chengguanzhen,gtrainerax@guardian.co.uk,104 751 6803
Towny Puller,Charlotte,tpulleray@harvard.edu,704 223 9036
Dorothy Fautly,Palguyod,dfautlyaz@elegantthemes.com,343 983 5152
Kathe Maleham,Panao,kmalehamb0@google.nl,455 870 4700
Eilis Jallin,Landi Kotal,ejallinb1@bloglines.com,606 979 2736
Marv Wrixon,Fuhai,mwrixonb2@intel.com,681 113 1258
Jamie Konmann,Lillehammer,jkonmannb3@bloglines.com,771 238 7023
Star Gingell,Gandu,sgingellb4@house.gov,719 884 1477
Yehudi Easterfield,Arcueil,yeasterfieldb5@hud.gov,370 998 9004
Claiborn Haestier,Cristóbal,chaestierb6@com.com,778 687 2777
Olly Blaszczak,Negotino,oblaszczakb7@sourceforge.net,938 926 4625
Jada Birchner,Quimbaya,jbirchnerb8@fda.gov,827 420 8460
Adria Perren,Vale Covo,aperrenb9@usnews.com,950 228 1306
Sharline Waltho,Ushibuka,swalthoba@discuz.net,335 692 2804
Stern Hazeltine,Głubczyce,shazeltinebb@acquirethisname.com,742 826 2936
Hobie Evason,Boulaide,hevasonbc@bing.com,432 589 1287
Ricki Crook,Bordeaux,rcrookbd@sogou.com,755 632 3493
Darb Paddick,Tabuk,dpaddickbe@people.com.cn,621 873 3069
Barnabas Tuckett,Guangli,btuckettbf@noaa.gov,610 775 7994
Lay Lodeke,Phước An,llodekebg@constantcontact.com,694 183 6248
Noah Sennett,Sabaneta,nsennettbh@storify.com,622 355 6534
Celia Crock,Mailsi,ccrockbi@timesonline.co.uk,223 425 8082
Tatiana Yurikov,Haixing,tyurikovbj@liveinternet.ru,511 874 7572
Gerda Mackie,Sevlievo,gmackiebk@marriott.com,155 833 2039
Ede Lardier,Guinobatan,elardierbl@fda.gov,134 689 7482
Zitella De Mitris,Dostoyevka,zdebm@youtu.be,792 628 1293
Dennie Harrisson,Tunzhai,dharrissonbn@soundcloud.com,115 181 0688
Nell Cheak,Meaux,ncheakbo@cafepress.com,280 195 6882
Freedman McQuillin,Ndom,fmcquillinbp@goodreads.com,558 470 8662
Clarette Crowe,Maubara,ccrowebq@i2i.jp,847 453 1422
Dru Albert,Bu‘eina,dalbertbr@typepad.com,903 629 5647
Tiebout Chapelhow,Pontes e Lacerda,tchapelhowbs@ameblo.jp,425 943 5121
Aloysius Shaxby,Manning,ashaxbybt@dion.ne.jp,975 860 7525
Josepha Moynihan,Campinas,jmoynihanbu@tamu.edu,233 489 0808
Jozef Casbolt,Passo Fundo,jcasboltbv@google.cn,707 209 0750
Oralia Gaspard,Võhma,ogaspardbw@bluehost.com,890 259 8026
Sherill De Mico,Ban Talat Yai,sdebx@mozilla.com,686 848 1210
Romola Reddan,Nghi Xuân,rreddanby@dyndns.org,949 238 1027
Kirbee Cardinale,La Palma,kcardinalebz@liveinternet.ru,495 931 9809
Lurette Oris,Salt Lake City,lorisc0@sphinn.com,801 433 7944
Olly Breddy,Sambirejo,obreddyc1@altervista.org,810 438 4692
Farrell Nannini,Santa Catalina,fnanninic2@nifty.com,481 604 6120
Barbette St Leger,Huanggang,bstc3@lycos.com,934 172 4813
Valentine Longmead,Nizhnedevitsk,vlongmeadc4@constantcontact.com,411 188 0659
Koral Brosio,E’zhou,kbrosioc5@google.com.au,372 774 5215
Vanya de Leon,Ganyesa,vdec6@weather.com,905 353 1404
Kessia Margarson,Langley,kmargarsonc7@wordpress.org,775 968 5528
Dode Letford,Kota Bharu,dletfordc8@cdbaby.com,879 859 1835
Concordia Gritton,Beltinci,cgrittonc9@cisco.com,870 557 3138
Deloria Salling,Bershet’,dsallingca@examiner.com,986 679 3138
Skipton Merryman,Al Jawf,smerrymancb@odnoklassniki.ru,530 410 4565
Linnet Winstanley,Oefau,lwinstanleycc@bloglines.com,489 374 0358
Jecho Guerola,Rietavas,jguerolacd@google.co.uk,606 868 8643
Germayne Wipper,Ghāro,gwipperce@blog.com,184 667 7806
Guinna Daine,San Antonio,gdainecf@so-net.ne.jp,463 142 6905
Lurleen Bohlin,Sijunjung,lbohlincg@goo.gl,590 785 5425
Donal Peddie,Luboń,dpeddiech@ameblo.jp,796 654 9873
Wilhelmina Pashler,Zhenyuan,wpashlerci@ocn.ne.jp,139 473 9549
Padget Olenin,Amieirinha,polenincj@epa.gov,643 851 4335
Faun Youings,Famagusta,fyouingsck@w3.org,797 646 9054
Jackson Abbyss,Listvyanka,jabbysscl@wisc.edu,169 531 6668
Desiree Sacco,Jiuzhen,dsaccocm@i2i.jp,683 477 9998
Trumann Screen,Belém,tscreencn@odnoklassniki.ru,386 328 3999
Putnem Hanlon,Mugumu,phanlonco@homestead.com,974 444 4334
Tresa Izak,Kasangulu,tizakcp@ifeng.com,933 254 7466
Giuseppe Mustchin,Pasirreungit,gmustchincq@freewebs.com,498 875 6636
Ewan Snaddon,Saint Louis,esnaddoncr@state.tx.us,314 163 1090
Billye McIntosh,Al Quţayfah,bmcintoshcs@studiopress.com,881 252 7559
Kile Barrowcliff,Fornos de Algodres,kbarrowcliffct@intel.com,896 338 9107
Maurice Tarzey,Wiphawadi,mtarzeycu@diigo.com,403 142 4976
Terencio Camp,Bektemir,tcampcv@delicious.com,472 685 7391
Faye Shasnan,Selemadeg Kelod,fshasnancw@xing.com,438 120 3123
Ahmed Birtonshaw,Ertai,abirtonshawcx@nymag.com,818 672 5167
Verge McQuillin,Smilavichy,vmcquillincy@yellowbook.com,181 581 2555
Slade Piwell,Komsomol’skiy,spiwellcz@xinhuanet.com,658 861 3723
Chrissie Escoffier,Srono,cescoffierd0@microsoft.com,217 328 9736
Raviv Duesbury,Colesberg,rduesburyd1@bravesites.com,385 380 5925
Gabriella Couche,Vyerkhnyadzvinsk,gcouched2@about.com,573 726 7685
Vally Travers,Wujing,vtraversd3@jigsy.com,264 599 4883
Chariot Niesegen,Xiaoling,cniesegend4@cisco.com,593 972 1658
Dar Sorey,Kýthnos,dsoreyd5@desdev.cn,430 891 4883
Melisa Stringfellow,Ningshan Chengguanzhen,mstringfellowd6@exblog.jp,955 346 4967
Germayne Fisbburne,Hatsukaichi,gfisbburned7@slashdot.org,365 382 4850
Augustine Quick,Ryōtsu-minato,aquickd8@fastcompany.com,765 157 1037
Tremain L'Archer,Sasolburg,tlarcherd9@cisco.com,106 174 6679
Dyan Boerderman,Bakan,dboerdermanda@e-recht24.de,678 859 0964
Orrin Gaggen,Pouzauges,ogaggendb@timesonline.co.uk,808 662 1449
Patten Standish-Brooks,Muli,pstandishbrooksdc@hubpages.com,914 128 2436
Dulcia Licciardiello,São Mateus,dlicciardiellodd@cpanel.net,658 523 2227
Sharline Seydlitz,Poja Nae,sseydlitzde@ibm.com,538 622 4265
Brande Kimbly,Ngembel,bkimblydf@about.com,236 978 2946
Gwyneth Gostridge,Huasahuasi,ggostridgedg@cargocollective.com,945 103 8137
Kimble Tredinnick,Luangwa,ktredinnickdh@github.com,734 476 6933
Byram Kristoffersson,Donglinxi,bkristofferssondi@google.com.br,976 554 8950
Valdemar Runcie,Iracemápolis,vrunciedj@columbia.edu,680 889 2554
Ursula Blackborne,Verkhnyachka,ublackbornedk@cisco.com,117 174 0683
Wren Vaugham,Krajan,wvaughamdl@elegantthemes.com,753 110 3408
Larine Vergine,Szeged,lverginedm@pbs.org,450 484 7352
Kimberlee Franek,Veselynove,kfranekdn@hp.com,182 628 9060
Desiree Berrygun,Verkhnyachka,dberrygundo@mtv.com,172 460 3791
Jeff Hammer,Épinal,jhammerdp@mozilla.org,575 209 3527
Hermia Ledstone,Balazar,hledstonedq@themeforest.net,366 781 9113
Sigfried Kalinsky,Murree,skalinskydr@wikipedia.org,466 478 5912
Adina Hawkyens,Gucheng,ahawkyensds@usnews.com,389 653 9984
Valeria Casillis,Ksawerów,vcasillisdt@arizona.edu,431 609 4269
Cloe Ounsworth,Guiwu,counsworthdu@examiner.com,321 798 1153
Eugenio Burril,Koppies,eburrildv@dell.com,696 741 6234
Reese Speaks,Petaling Jaya,rspeaksdw@cornell.edu,781 836 9708
Michele Jerisch,Santa Valha,mjerischdx@auda.org.au,837 976 2254
Mirabella Scandrett,Abay,mscandrettdy@odnoklassniki.ru,750 120 8082
Othello Ibell,Karakabak,oibelldz@utexas.edu,382 447 5267
Esther Jillings,Västerhaninge,ejillingse0@gnu.org,678 873 9661
Demetri Milverton,Charyshskoye,dmilvertone1@wikipedia.org,606 121 7638
Cecilius Palek,Xianrendu,cpaleke2@nba.com,286 272 8344
Odelle Storms,Karbinci,ostormse3@pcworld.com,349 643 3212
Ardenia Treffrey,Ålesund,atreffreye4@goo.gl,233 704 9175
Marcellus Shillitoe,Tangshan,mshillitoee5@myspace.com,167 202 7872
Orran Gillingwater,Fornos de Algodres,ogillingwatere6@biglobe.ne.jp,702 482 4137
Price Erwin,Ayamaru,perwine7@marriott.com,441 968 4819
Carlo Vanstone,Paradise,cvanstonee8@ucoz.ru,494 410 0204
Humfrey Streader,Cikondang,hstreadere9@businessinsider.com,105 210 5632
Cori Kinsley,Löddeköpinge,ckinsleyea@vkontakte.ru,150 174 5008
Reider Langhor,Káto Asítai,rlanghoreb@webmd.com,606 398 1242
Redd Boshell,Ligang,rboshellec@mozilla.com,843 964 7184
Thibaud Vardey,Miaotou,tvardeyed@foxnews.com,831 963 0398
Neale Crossland,Baharly,ncrosslandee@miitbeian.gov.cn,942 131 8888
Adelaide Wallsam,Shigou,awallsamef@blogger.com,795 148 0296
Lauretta Pirdy,Gustavsberg,lpirdyeg@uol.com.br,925 208 1042
Thedrick Meneghi,Bloemfontein,tmeneghieh@wp.com,476 258 1444
Rochette Audenis,Mników,raudenisei@skyrock.com,909 642 2934
Tessa Perillio,Gramoteino,tperillioej@wsj.com,642 260 1736
Teodora Van den Oord,Kłoczew,tvanek@dyndns.org,641 745 5738
Philipa Mitcham,Jagna,pmitchamel@furl.net,625 591 8370
Nicoli Fernehough,Zemio,nfernehoughem@topsy.com,320 241 8018
Darn Gaze,Turar Ryskulov,dgazeen@list-manage.com,320 157 4922
Torre Binstead,Methven,tbinsteadeo@sourceforge.net,568 613 0259
Mag Pitkins,Fushan,mpitkinsep@spotify.com,721 744 4384
Loree Caras,Dalar,lcaraseq@istockphoto.com,342 503 4550
Nadeen Skeemer,Rio Piracicaba,nskeemerer@netlog.com,962 462 0819
Harcourt Zimek,Itabaiana,hzimekes@yahoo.com,230 815 8511
Chryste Kirby,Thị Trấn Mường Tè,ckirbyet@dot.gov,603 717 0053
Trueman Raddish,Heret,traddisheu@tumblr.com,651 650 6850
Enos Osbourn,Tangdukou,eosbournev@blinklist.com,271 390 3755
Abran Tenny,Koniaków,atennyew@prnewswire.com,643 721 7263
Nevile Baldack,Majiao,nbaldackex@wix.com,519 638 2210
Harland Denyukin,Luklukan,hdenyukiney@dedecms.com,334 271 7772
Maxie Lardez,Yevlakh,mlardezez@scientificamerican.com,817 115 6956
Perla De Ruel,Chamouny,pdef0@diigo.com,824 622 6411
Corinne Sawyers,Timezgadiouine,csawyersf1@google.co.uk,383 498 8996
Annetta Dinwoodie,Donskoye,adinwoodief2@washingtonpost.com,982 277 5838
Dave Walls,Watoona,dwallsf3@pcworld.com,760 493 2477
Bud Powder,Hekou,bpowderf4@edublogs.org,932 740 6548
Shir Janout,Boise,sjanoutf5@desdev.cn,208 276 4950
Washington Newham,Narol,wnewhamf6@dyndns.org,127 641 0143
Tanitansy Galia,Liutao,tgaliaf7@delicious.com,947 996 3098
Berti Clissett,General Enrique Godoy,bclissettf8@tmall.com,785 281 8421
Caritta Simkin,Jinshan,csimkinf9@oakley.com,710 376 5200
Nanni Benard,Burujul,nbenardfa@auda.org.au,625 402 5783
Kimmy Merner,Bradenton,kmernerfb@goo.gl,941 397 2037
Jaquith Filippone,Finiq,jfilipponefc@boston.com,771 171 0985
Olia Loughrey,Castlemartyr,oloughreyfd@i2i.jp,424 409 9849
Richardo Trevor,Yingjiang,rtrevorfe@blogspot.com,306 496 2978
Tremaine Yoslowitz,Zaliznychne,tyoslowitzff@ocn.ne.jp,898 439 6788
Haily Alesio,Gīvī,halesiofg@addtoany.com,767 177 9092
Ingamar Gaize,Oymak,igaizefh@upenn.edu,347 654 6985
Rivalee Barmadier,Bry-sur-Marne,rbarmadierfi@networkadvertising.org,484 822 6477
Englebert Turnbull,Partikan,eturnbullfj@wunderground.com,105 405 7614
Barth Heephy,Jishui,bheephyfk@so-net.ne.jp,918 731 9157
Jerome Sumption,Ribeiro,jsumptionfl@over-blog.com,131 564 4525
Cam Darrel,Enschede,cdarrelfm@google.com.br,269 702 8987
Zuzana O'Henery,Pueblo Nuevo,zoheneryfn@ft.com,911 369 4181
Veronike Maundrell,Paris 18,vmaundrellfo@hostgator.com,475 558 0187
Clay Ebbutt,Belgorod,cebbuttfp@paginegialle.it,613 602 2578
Ragnar Mearing,Muikamachi,rmearingfq@clickbank.net,377 115 2840
Sabine Ortega,Cadiz,sortegafr@desdev.cn,773 832 3973
Calley Putley,Nantou,cputleyfs@yandex.ru,649 803 6361
Marrissa Pedri,Conroe,mpedrift@example.com,936 393 7856
Em Davidof,Frakulla e Madhe,edavidoffu@sun.com,559 839 6317
Kin Gascard,Wangjing,kgascardfv@marketwatch.com,972 156 1888
Velvet MacGiolla Pheadair,Admiralteisky,vmacgiollafw@webeden.co.uk,543 746 4687
Ki Scurrah,Ban Talat Bueng,kscurrahfx@ask.com,307 387 2259
Lotti MacAlester,Foz Giraldo,lmacalesterfy@senate.gov,107 936 2056
Marielle Issit,Mashan,missitfz@t.co,537 347 5799
Marianna Fanti,Masuda,mfantig0@csmonitor.com,340 844 2477
Krishnah Chatband,Kveda Chkhorots’q’u,kchatbandg1@time.com,897 927 0199
Yancey Okroy,Tall Abyaḑ,yokroyg2@reverbnation.com,194 165 6508
Eadith Leving,Kebunkelapa,elevingg3@a8.net,987 148 4366
Oona McGeorge,Nong Phai,omcgeorgeg4@cocolog-nifty.com,738 623 3328
Iorgos Dressel,Mranggen,idresselg5@si.edu,303 322 1265
Saundra Meace,Dobrzyca,smeaceg6@dropbox.com,511 981 9078
Zaccaria Mordanti,Kakaek,zmordantig7@nyu.edu,221 147 9161
Geri Saill,Sumberbakti,gsaillg8@wunderground.com,898 163 6202
Tatiania Matiebe,Bratislava,tmatiebeg9@tripadvisor.com,684 758 6053
Samantha McLennan,Ji’an,smclennanga@discuz.net,798 301 4607
Sonni Whitmarsh,Hukeng,swhitmarshgb@studiopress.com,815 927 0069
Ernesto Dowd,La Mesa,edowdgc@wunderground.com,692 369 0257
Barr Rawes,Leye,brawesgd@dell.com,978 922 7495
Shaine Duffrie,Anhai,sduffriege@imgur.com,294 350 1576
Elsa Pedgrift,Roskoshnyy,epedgriftgf@chron.com,594 678 9940
Shurlocke Crook,Vihti,scrookgg@google.com.au,278 529 3056
Arluene Curme,Ágios Andréas,acurmegh@dailymotion.com,277 212 8160
Vaughn Vasyunin,Satun,vvasyuningi@prweb.com,462 290 7668
Cicily Beer,Peterhof,cbeergj@linkedin.com,279 139 1887
Melessa Braiden,Dangshun,mbraidengk@newsvine.com,467 857 6580
Javier Whetton,Centre de Flacq,jwhettongl@berkeley.edu,404 617 4412
Lannie Schwartz,Wutongkou,lschwartzgm@vistaprint.com,555 957 1328
Bartholomeo Caldeiro,Douz,bcaldeirogn@tinyurl.com,304 430 9143
Sheena Ottosen,Totness,sottosengo@vinaora.com,959 430 5993
Herby Ocklin,Nangaroro,hocklingp@studiopress.com,991 326 2915
Otho Ryves,Budva,oryvesgq@cornell.edu,791 838 0595
Saundra Lettice,Luxor,sletticegr@patch.com,634 545 6939
Edgar Wyllie,Changshan,ewylliegs@addthis.com,713 164 6066
Fanny Beynon,Ebebiyin,fbeynongt@weebly.com,887 887 7946
Vonny Peacham,Gaobeijie,vpeachamgu@comcast.net,679 553 0325
Gill Rudgley,Skien,grudgleygv@microsoft.com,554 140 5371
Sutherlan Perrigo,Las Flores,sperrigogw@godaddy.com,205 496 8887
Blondy Gold,Cheyenne,bgoldgx@discovery.com,307 804 5569
Brenden Scandrite,Álvares Machado,bscandritegy@arizona.edu,141 266 4047
Vinny Pierrepont,Staroyur’yevo,vpierrepontgz@europa.eu,248 489 9308
Rorke Dunderdale,Monteiro,rdunderdaleh0@umich.edu,337 800 5331
Kirsten Wrotchford,Araras,kwrotchfordh1@nhs.uk,831 445 2090
Emilee Fry,Staroshcherbinovskaya,efryh2@whitehouse.gov,666 912 8712
Stefa Portt,Zhangyelu,sportth3@tmall.com,538 899 2647
Shalna Leate,Masjed Soleymān,sleateh4@hp.com,815 807 1545
Lancelot Rustadge,Kuaro,lrustadgeh5@wired.com,920 424 5711
Dur Schruur,Chinju,dschruurh6@altervista.org,793 931 0660
Clea Plesing,Mytishchi,cplesingh7@e-recht24.de,203 886 9775
Everett Karpol,Char Bhadrāsan,ekarpolh8@ebay.com,588 674 4813
Karena Aitcheson,Dasanlian Lauk,kaitchesonh9@fda.gov,297 434 6374
Min Skillanders,Kvasiny,mskillandersha@eepurl.com,488 829 3877
Heddi Halbord,Broumov,hhalbordhb@time.com,677 819 4428
Inge Lawlor,Kushk,ilawlorhc@forbes.com,501 261 6609
Gabriele Bourdas,Juupajoki,gbourdashd@taobao.com,393 280 7449
Demetri Berzon,Xindi,dberzonhe@army.mil,639 493 9838
Davida Claiton,Rudo,dclaitonhf@sakura.ne.jp,434 414 7867
Rab Mulrenan,Acton Vale,rmulrenanhg@hostgator.com,420 215 3602
Terrijo Thorneloe,Kotakan Selatan,tthorneloehh@addtoany.com,982 625 1202
Angela Benting,Calaya,abentinghi@unc.edu,672 909 9749
Kalli Dedney,Krasica,kdedneyhj@buzzfeed.com,724 532 8635
Martie Poulglais,Haizigou,mpoulglaishk@time.com,810 934 6750
Tommi Goaks,Villa Ojo de Agua,tgoakshl@geocities.com,871 516 5865
Anderson Moohan,Pekuncen,amoohanhm@1688.com,201 748 0894
Leonore Elstone,Santa Maria,lelstonehn@alibaba.com,505 213 9516
Rosemaria Canelas,Ganjaran,rcanelasho@godaddy.com,482 594 6856
Konrad Olcot,Nanyang,kolcothp@jimdo.com,944 705 0300
Eran Jeanequin,Srono,ejeanequinhq@reddit.com,377 290 3450
Barthel Kluger,Kanye,bklugerhr@netscape.com,654 129 8972
Car Berni,Querocotillo,cbernihs@wix.com,730 352 2523
Susi Danjoie,Calingcing,sdanjoieht@comcast.net,954 259 1030
Lorne Alenshev,Wulong,lalenshevhu@unicef.org,104 105 5394
Padget Ismail,Santo André,pismailhv@lulu.com,479 787 9918
Bria Gall,Xinying,bgallhw@dropbox.com,634 476 0329
George Knifton,Hujirt,gkniftonhx@google.co.uk,780 704 6988
Robinia Backshall,Žulová,rbackshallhy@mozilla.com,695 707 5671
Chucho Bahlmann,Vila Velha,cbahlmannhz@addthis.com,683 516 0787
Liam Hurtic,Līkak,lhurtici0@intel.com,667 271 4864
Carmelina Kinforth,Río Hondo,ckinforthi1@google.co.jp,328 925 8723
Dore Mattis,Shicheng,dmattisi2@theguardian.com,622 783 0687
Anneliese McEntagart,Zheleznodorozhnyy,amcentagarti3@oaic.gov.au,282 182 6544
Agretha Ferfulle,Hofors,aferfullei4@paypal.com,117 281 1418
Elfreda Coltherd,San Antonio,ecoltherdi5@nifty.com,865 383 1960
Pembroke Irving,Liangshuihe,pirvingi6@xrea.com,958 713 0974
Josepha Matis,Huangdu,jmatisi7@hatena.ne.jp,450 875 1781
Leicester Pattisson,Santana,lpattissoni8@wp.com,983 561 5058
Arney Opie,Embajador Martini,aopiei9@cnbc.com,532 101 1375
Bethena Bartolomeu,Wiązownica,bbartolomeuia@delicious.com,999 671 3422
Trefor Itzcovich,Dingshu,titzcovichib@army.mil,368 367 2265
Lindon Umfrey,Azilal,lumfreyic@ftc.gov,601 254 7129
Hubie McGing,Volkhov,hmcgingid@barnesandnoble.com,835 503 4726
Yalonda Ottee,Al Qaryatayn,yotteeie@cdbaby.com,680 475 8380
Derwin Stirley,Opaka,dstirleyif@t.co,325 273 3986
Florencia Petrashov,Guaranésia,fpetrashovig@nyu.edu,478 266 2052
Glynda Kubicki,Magallon Cadre,gkubickiih@cafepress.com,339 348 9129
Enrika Larkby,Yylanly,elarkbyii@cmu.edu,861 311 8886
Annalise Pirie,Calibutbut,apirieij@exblog.jp,125 956 3557
Katherina Durtnell,Dolní Rychnov,kdurtnellik@senate.gov,277 882 5344
Jolynn Murrhaupt,Yasnogorsk,jmurrhauptil@booking.com,497 886 4173
Rhonda Theobold,Kuala Terengganu,rtheoboldim@stumbleupon.com,425 269 3700
Shaw Blacklawe,Bhalwāl,sblacklawein@hexun.com,151 839 6369
Norton Tranfield,Orahovica Donja,ntranfieldio@telegraph.co.uk,196 121 1750
Maurine Hatherall,Boise,mhatherallip@shop-pro.jp,208 178 7720
Erny Gorrissen,Jacura,egorrisseniq@hp.com,658 145 0961
Julienne Castiglio,Quilmes,jcastiglioir@walmart.com,958 514 6493
Zollie Donativo,Savannakhét,zdonativois@japanpost.jp,285 898 8927
Neddy Norster,Iwkowa,nnorsterit@disqus.com,369 829 0976
Layla O'Shevlan,Tambir,loshevlaniu@booking.com,689 504 5766
Hubie Govey,Los Angeles,hgoveyiv@github.io,310 546 5790
Costa Bottleson,Angono,cbottlesoniw@bbb.org,186 578 8161
Cherey Matei,Johnson City,cmateiix@wordpress.org,423 134 2852
Garner Clixby,Železniki,gclixbyiy@nasa.gov,293 992 5615
Bobbye Martusewicz,Torsås,bmartusewicziz@nps.gov,297 593 9437
Charlena Conkay,Shicha,cconkayj0@aol.com,858 921 4417
Zeke Duplock,Chigorodó,zduplockj1@163.com,280 156 8257
Edita Olyunin,Lillehammer,eolyuninj2@gravatar.com,348 987 0691
Kelby Croot,Chenxiang,kcrootj3@hao123.com,508 307 1771
Heinrick Loddy,Oslo,hloddyj4@cnn.com,947 856 8463
Nissy Barns,Sibinal,nbarnsj5@tmall.com,934 153 2910
Claudetta Child,Catac,cchildj6@hc360.com,923 502 1010
Merwin Sarginson,Cabalaoangan,msarginsonj7@webeden.co.uk,961 641 6808
Finley Clearley,New York City,fclearleyj8@tinypic.com,212 591 0325
Massimo Treves,Rogóźno,mtrevesj9@cmu.edu,350 423 5000
Bertie Wernher,Bangonay,bwernherja@youku.com,845 159 4013
Luke Hambrick,Xiuyu,lhambrickjb@simplemachines.org,325 431 5771
Shellysheldon Vinick,Gueset,svinickjc@hatena.ne.jp,933 373 8035
Sybil Greensall,Shypyntsi,sgreensalljd@usda.gov,967 112 0633
Renee McGrowther,Sruki,rmcgrowtherje@springer.com,378 985 0706
Ricard Kulis,Burgaltay,rkulisjf@netlog.com,102 753 1026
Leila Flecknoe,Aoufous,lflecknoejg@utexas.edu,434 367 6207
Doti Taffrey,Bastan,dtaffreyjh@independent.co.uk,894 631 6815
Bertrando Blampy,Stockholm,bblampyji@amazon.de,621 889 5601
Marcella Tipper,Regueiro,mtipperjj@army.mil,864 227 2442
Addie Brace,Kuhmo,abracejk@gov.uk,175 145 4576
Etty Rowlatt,Detchino,erowlattjl@goodreads.com,498 352 7611
Christi Pepall,Kwangyang,cpepalljm@miitbeian.gov.cn,703 972 0143
Sibbie Dubber,Shreveport,sdubberjn@salon.com,318 153 3931
Kinna Phizackerly,Mollebamba,kphizackerlyjo@zimbio.com,886 686 3234
Shay Argyle,Yeghvard,sargylejp@miitbeian.gov.cn,769 517 6594
Cart Yarham,Bella Vista,cyarhamjq@cloudflare.com,840 599 5582
Floria Obey,Kapatagan,fobeyjr@wix.com,824 278 5057
Buddy Starling,Pomabamba,bstarlingjs@icio.us,406 359 9323
Lindsy Hayler,Baomin,lhaylerjt@canalblog.com,976 403 6341
Ruthi Krebs,Fernando Gutierrez Barrios,rkrebsju@berkeley.edu,248 228 4768
Kamila Spottiswoode,Fucha,kspottiswoodejv@diigo.com,391 871 7719
Wye Ludlom,Ugra,wludlomjw@vkontakte.ru,882 918 2594
Madalena Bramelt,Cergy-Pontoise,mbrameltjx@typepad.com,376 386 1560
Felicle Sheehan,Camaçari,fsheehanjy@skype.com,889 177 0847
Kendall Craney,Chenôve,kcraneyjz@cloudflare.com,217 771 6136
Ermentrude Sach,Chak,esachk0@aboutads.info,520 651 4972
Vannie Elmes,Chixi,velmesk1@homestead.com,347 964 8226
Myer Highway,Porto Salvo,mhighwayk2@youtu.be,881 175 2442
Shell Barus,Quebradas,sbarusk3@prweb.com,468 677 9119
Mollie Cheetam,Luti,mcheetamk4@youtu.be,550 343 3306
Merilee Jills,Banatski Dvor,mjillsk5@un.org,559 807 5514
Innis Marjanovic,Tamatam,imarjanovick6@addthis.com,371 253 3727
Eloisa Stanman,Sancha,estanmank7@techcrunch.com,559 783 1521
Josee Otson,Mỹ Thọ,jotsonk8@sitemeter.com,560 676 0464
Rae Rasor,Antwerpen,rrasork9@blinklist.com,880 319 6634
Chelsie Yurygyn,Bohutín,cyurygynka@ask.com,814 271 7039
Marijn Wing,Trzciana,mwingkb@hhs.gov,663 338 5992
Seth Bertomieu,Baliton,sbertomieukc@aboutads.info,750 727 9757
Darryl Labat,Benito Juarez,dlabatkd@seesaa.net,782 905 2742
Lily Ferrick,Kulase,lferrickke@fotki.com,756 828 9255
Leeland Mougenel,Panay,lmougenelkf@cocolog-nifty.com,550 552 8604
Daisey Faye,Krajan,dfayekg@last.fm,150 444 3755
Talyah Labern,Cherryville,tlabernkh@is.gd,979 253 0726
Nanice Pyson,Bendoroto,npysonki@dyndns.org,661 766 8213
Dannie Lamasna,Honglai,dlamasnakj@amazon.co.uk,824 467 3298
Leona Cowpertwait,Chengdu,lcowpertwaitkk@unc.edu,838 376 2349
Nissy Cutchee,Nanying,ncutcheekl@123-reg.co.uk,522 863 6774
Redd Thridgould,Shatura,rthridgouldkm@amazon.co.jp,713 579 8174
Benita Mauvin,El Rancho,bmauvinkn@unblog.fr,759 400 9230
Wendy Gaul,Culianin,wgaulko@reuters.com,433 263 1949
Felipa Pavyer,New York City,fpavyerkp@examiner.com,212 926 1345
Leoine Lownes,Takokak,llowneskq@privacy.gov.au,164 499 9202
Lock Willeson,Xinkaikou,lwillesonkr@photobucket.com,476 807 2105
Miof mela Gilford,Nularan,mmelaks@purevolume.com,248 781 5571
Lauraine Duckett,Kremenki,lduckettkt@google.ru,849 342 3715
Berk Liley,Balingasag,blileyku@businessweek.com,931 552 2671
Brocky Perott,Stockholm,bperottkv@pagesperso-orange.fr,373 436 0284
Niccolo Thorrington,Firminy,nthorringtonkw@posterous.com,966 444 6330
Abdel Delaney,Chrysoúpolis,adelaneykx@japanpost.jp,879 563 6250
Walther Corbin,Pueblo Nuevo,wcorbinky@accuweather.com,804 318 4869
Aldous Fillery,Gardēz,afillerykz@slideshare.net,954 113 6345
Kaleena Calvert,Bergamo,kcalvertl0@admin.ch,689 878 5136
Agace Cordeux,Sinilian First,acordeuxl1@edublogs.org,889 464 0812
Karel Raspison,Caleta Olivia,kraspisonl2@edublogs.org,834 868 2181
Olivia Minillo,Gaolong,ominillol3@360.cn,362 228 1387
Cordie Smardon,‘Awaj,csmardonl4@myspace.com,717 730 7879
Pearle Olech,Sanqishi,polechl5@homestead.com,739 352 6895
Lynda Stanbury,Yuzhou,lstanburyl6@google.nl,256 475 9510
Teresita Middiff,Kōnosu,tmiddiffl7@lycos.com,708 953 4108
Paco Vokins,Mlaka pri Kranju,pvokinsl8@sciencedaily.com,781 415 8899
Ariel Brinkworth,Hats’avan,abrinkworthl9@virginia.edu,544 807 3540
Meredith Burberry,Buganda,mburberryla@apple.com,519 398 2923
Janetta Scolts,Dhanot,jscoltslb@over-blog.com,111 838 2301
Chris Spaduzza,Quintas,cspaduzzalc@bizjournals.com,611 345 9627
Mick Beddard,San Ramon,mbeddardld@epa.gov,890 656 3992
Marie Pretor,Muaralabuh,mpretorle@psu.edu,476 108 5969
Sada Yeulet,Kaavi,syeuletlf@w3.org,604 390 1129
Chere Degg,Thetford-Mines,cdegglg@sbwire.com,580 272 6235
Romain Duinbleton,Covas,rduinbletonlh@behance.net,561 569 7045
Tedie Bratchell,Kotakaya Dua,tbratchellli@chron.com,283 589 9686
Ethel Chandler,Nedryhayliv,echandlerlj@ucsd.edu,846 826 9967
Tonye Arnet,Lianshi,tarnetlk@baidu.com,103 829 9092
Daniela Persian,Mina de São Domingos,dpersianll@google.co.uk,406 188 1206
Florella Gaskill,Harbour Breton,fgaskilllm@amazon.de,779 923 2035
Conrade Godbald,Qianqiao,cgodbaldln@blogtalkradio.com,161 764 6845
Rooney Heavyside,Mingshui,rheavysidelo@ebay.co.uk,709 405 7445
Nap Matusiak,Quatro Barras,nmatusiaklp@cnbc.com,364 506 2106
Aurore Moylan,Zhitan,amoylanlq@archive.org,862 946 2806
Glad Linkin,Buíque,glinkinlr@storify.com,334 168 1544
Hortense Everist,Renhe,heveristls@nps.gov,821 556 8986
Horten Hizir,Warnes,hhizirlt@altervista.org,787 593 2945
Kirk Rubinowitsch,Beigang,krubinowitschlu@ustream.tv,219 180 6527
Koren Hounsham,Seversk,khounshamlv@addtoany.com,635 630 3189
Merrill MacIlhargy,Novoselitsa,mmacilhargylw@seattletimes.com,993 641 3922
Marj Bolderstone,Kunčina,mbolderstonelx@dagondesign.com,162 474 5381
Barrie Schubuser,Hetan,bschubuserly@blinklist.com,549 943 4685
Lucien Izak,Cipolletti,lizaklz@typepad.com,760 569 3874
Chris Seakin,Weitang,cseakinm0@facebook.com,343 723 2377
Raychel Impson,Krajan Kinanti,rimpsonm1@desdev.cn,498 134 5269
Mag Beach,Haoba,mbeachm2@ameblo.jp,239 651 9355
Myles O'Shevlin,Sanxi,moshevlinm3@usatoday.com,585 256 8627
May Clewlowe,Vazante,mclewlowem4@webs.com,662 542 7090
Risa Beevis,Buutuo,rbeevism5@bizjournals.com,136 243 2965
Elianore Cooch,Le Lamentin,ecoochm6@nifty.com,848 453 1573
Mari Hillatt,Rengo,mhillattm7@scientificamerican.com,543 321 9616
Gabriel Ingyon,Mato Cheirinhos,gingyonm8@livejournal.com,512 339 5705
Eugine Jowsey,Ivanec,ejowseym9@printfriendly.com,696 691 6940
Clarita Klempke,Almada,cklempkema@sciencedaily.com,666 182 4741
Kerwin Spacie,Qinghe,kspaciemb@princeton.edu,738 660 9363
Rodd McTrustey,Mülheim an der Ruhr,rmctrusteymc@fc2.com,304 230 0944
Cathee Kirkpatrick,Makbon,ckirkpatrickmd@answers.com,334 600 3969
Ramonda Scothron,Kirkkonummi,rscothronme@blogger.com,430 334 6272
Tonie Draycott,Dongting,tdraycottmf@abc.net.au,603 882 8079
Abrahan Perse,Changyuan,apersemg@slashdot.org,403 668 2704
Leonerd Llop,Glan,lllopmh@altervista.org,456 631 6643
Jemmy Pollock,Stoczek Łukowski,jpollockmi@ca.gov,393 261 5779
Cher Werendell,Northern Suburbs Mc,cwerendellmj@slate.com,326 632 3083
Gweneth Muzzlewhite,Kruisfontein,gmuzzlewhitemk@spotify.com,289 620 4098
Berthe des Remedios,Colima,bdesml@answers.com,854 739 0853
Manya Matschek,Guanyinsi,mmatschekmm@dailymotion.com,583 392 6385
Jayme Scoggins,Shchastya,jscogginsmn@cbc.ca,176 551 0276
Rozanne Ottam,Ekpoma,rottammo@nydailynews.com,670 263 2787
Chrisy Baack,Xiaoruo,cbaackmp@instagram.com,449 181 1237
Arlan Killich,Shencang,akillichmq@jigsy.com,202 728 4537
Harri Hillum,Vichuga,hhillummr@qq.com,639 120 5246
Leland Bernardeschi,Taiping,lbernardeschims@paginegialle.it,397 711 0438
Terrijo Ashment,Al Ḩawāmidīyah,tashmentmt@sbwire.com,972 906 8807
Trip Dominici,Tall Tamr,tdominicimu@sakura.ne.jp,640 231 2748
Leanor Strelitz,Murcki,lstrelitzmv@icio.us,974 255 4199
Grier Skene,Marinilla,gskenemw@globo.com,181 366 4682
Kiri Hardway,Youhao,khardwaymx@jimdo.com,618 755 0379
Brunhilda McGonagle,Tumbes,bmcgonaglemy@seesaa.net,544 760 0132
Ugo Snowling,Pitogo,usnowlingmz@canalblog.com,649 308 0515
Terri Bhatia,Pulau Pinang,tbhatian0@ft.com,677 793 7498
Dorian Martignon,Лабуништа,dmartignonn1@tinyurl.com,382 416 1373
Arnuad Vize,Benjamin Constant,avizen2@addtoany.com,515 919 2747
Leontine Dallon,Qīr Moāv,ldallonn3@youtu.be,578 911 1875
Wilhelmine Barense,Zhangshui,wbarensen4@addtoany.com,501 293 2690
Arnuad Mocker,Jeffersonville,amockern5@examiner.com,812 383 6965
Laurence Manuely,Belfort,lmanuelyn6@diigo.com,386 382 8354
Dale Huggons,Baguim do Monte,dhuggonsn7@eepurl.com,374 942 2372
Ellette McGeneay,Curahklapa,emcgeneayn8@woothemes.com,536 579 2643
Isa O'Flannery,Cabrero,ioflanneryn9@google.de,816 235 5378
Kimberlyn Speare,Ballyjamesduff,kspearena@spotify.com,381 245 8556
Lisbeth Martusewicz,Metz,lmartusewicznb@cafepress.com,559 305 2809
Colene Bryan,Wolong,cbryannc@livejournal.com,340 976 6480
Estel Reasce,Kuusjoki,ereascend@ft.com,441 616 9198
Briggs Townsley,Comillas Norte,btownsleyne@linkedin.com,257 900 5258
Sheila-kathryn Noulton,Temperak,snoultonnf@joomla.org,712 450 4966
Adan Goodison,Pandanrejokrajan,agoodisonng@answers.com,496 405 7987
Grange Batty,Paris 08,gbattynh@blogger.com,529 460 5865
Brigid Dimitresco,Charlotte,bdimitresconi@baidu.com,704 107 7187
Arne Presnall,Ngã Bảy,apresnallnj@whitehouse.gov,929 397 0664
Ruthy Iles,Gunungputri,rilesnk@telegraph.co.uk,481 738 9102
Violante Seel,Karamat,vseelnl@rambler.ru,701 434 1350
Juan Felgate,Oke Iho,jfelgatenm@jalbum.net,929 515 5701
Deonne Hrus,Duanshen,dhrusnn@jiathis.com,262 213 8727
Ewen Sinnocke,Qinshan,esinnockeno@google.ca,334 807 3021
Nisse Posselt,Qianjin,nposseltnp@xrea.com,531 219 3048
Laetitia Stuck,Shebekino,lstucknq@shareasale.com,874 859 9426
Keefe Ismirnioglou,Sorodot,kismirnioglounr@clickbank.net,887 195 5435
Mercie Wrate,Tajrīsh,mwratens@dmoz.org,775 410 4767
Spence Barkworth,Al Mukallā,sbarkworthnt@cnbc.com,546 551 7715
Alena Prettjohn,Middleton,aprettjohnnu@google.es,907 908 5680
Frederica Petyanin,Huyuan,fpetyaninnv@printfriendly.com,206 134 3079
Findlay Acedo,Yokotemachi,facedonw@csmonitor.com,786 241 7324
Kacy Lamort,Losevo,klamortnx@techcrunch.com,964 794 0810
Ferd Niese,Mengjia,fnieseny@ycombinator.com,185 843 8488
Hanni Bengochea,Syktyvkar,hbengocheanz@1688.com,847 857 5719
Queenie Gredden,Garunggang,qgreddeno0@hexun.com,581 470 2720
Terrill Bielby,Yahil’nytsya,tbielbyo1@nydailynews.com,811 938 8156
Kora Perigo,Xiaohe,kperigoo2@mapy.cz,245 724 9828
Allie Keunemann,Virginia Beach,akeunemanno3@so-net.ne.jp,757 313 1870
Chadwick Walklate,Bejucal,cwalklateo4@vinaora.com,587 872 1452
Stefano Cassedy,Calango,scassedyo5@people.com.cn,429 881 3155
Bathsheba Percival,Floda,bpercivalo6@forbes.com,318 592 5618
Leanor Rapsey,San Casimiro,lrapseyo7@shop-pro.jp,800 320 2810
Bengt Geldard,San Basilio,bgeldardo8@microsoft.com,150 866 6595
Hilda Olensby,Jājarm,holensbyo9@livejournal.com,945 678 7014
Herminia Purton,Blatná,hpurtonoa@jugem.jp,654 450 0142
Gwendolen Hankins,Desa Kertasari,ghankinsob@reference.com,719 110 6306
Ediva Kernaghan,Galaz,ekernaghanoc@slate.com,351 597 9809
Robena Fillan,Gaula,rfillanod@businesswire.com,394 383 4852
Mathian Cleaton,Duvergé,mcleatonoe@walmart.com,548 852 7609
Chilton Conachie,Pointe-à-Pitre,cconachieof@comcast.net,459 284 4695
Esteban O'Malley,Rosario de Lerma,eomalleyog@hugedomains.com,683 384 9546
Gerda Harbron,Vaitape,gharbronoh@time.com,739 642 2669
Gualterio Laffranconi,San Carlos de Bariloche,glaffranconioi@goo.gl,788 835 4907
Gard Houlridge,Beigucheng,ghoulridgeoj@nymag.com,219 363 0207
Ingrim Nellis,Ballivor,inellisok@dailymail.co.uk,974 740 3701
Jada Spurrior,Guandian,jspurriorol@indiatimes.com,732 256 5376
Huberto Uff,Kiarajangkung,huffom@state.tx.us,526 612 4496
Daveen Calverley,Now Zād,dcalverleyon@nifty.com,611 833 0550
D'arcy Dumbar,Dake,ddumbaroo@cdc.gov,676 881 6918
Davida Bedbury,Annecy-le-Vieux,dbedburyop@mlb.com,265 793 7349
Babette Piddletown,Dingqing,bpiddletownoq@printfriendly.com,445 925 9686
Fanchette Fucher,Khisarya,ffucheror@hc360.com,277 899 2230
Wynnie Nesterov,Logroño,wnesterovos@vimeo.com,519 537 5930
Buddie Haitlie,Daloa,bhaitlieot@omniture.com,134 730 1031
Judie Faucett,Sanshilipu,jfaucettou@sogou.com,880 912 4641
Fritz McElvogue,Svoboda nad Úpou,fmcelvogueov@elegantthemes.com,292 656 1987
Casandra Saxelby,Bazhu,csaxelbyow@answers.com,724 765 3038
Costa Aitchison,Zibreira,caitchisonox@dropbox.com,695 286 6717
Athene Ianne,Cisantri,aianneoy@icio.us,274 882 5552
Frederico Mitcham,Hechun,fmitchamoz@slate.com,739 823 9361
Mayne Ahrenius,Maintang,mahreniusp0@dropbox.com,545 387 1479
Marley Dolman,Pom Prap Sattru Phai,mdolmanp1@sciencedirect.com,465 128 8232
Christan Konert,Messejana,ckonertp2@imageshack.us,215 500 1353
Lindi Stronghill,San Francisco,lstronghillp3@illinois.edu,328 732 1755
Grace Stimpson,Banarankrajan,gstimpsonp4@yahoo.co.jp,132 657 2251
Loella Brisley,Mungging,lbrisleyp5@zdnet.com,602 863 6410
Davina Van Oord,Baojia,dvanp6@infoseek.co.jp,763 754 1703
Asa Gogan,Vilkija,agoganp7@jiathis.com,735 285 3621
Adelbert Wildash,Ballsh,awildashp8@tuttocitta.it,122 738 7311
Nadiya Loiterton,Jingzhuang,nloitertonp9@a8.net,644 460 8181
Sheelah Prothero,New Brunswick,sprotheropa@webnode.com,732 440 9245
Mikaela Rowden,Lozova,mrowdenpb@sourceforge.net,993 293 3668
Fay Blessed,Tarakaniv,fblessedpc@stumbleupon.com,845 247 4183
Rosabel Daglish,Liqi,rdaglishpd@loc.gov,260 420 7449
Sigvard Presidey,Kawalimukti,spresideype@admin.ch,874 584 6484
Cos Sutterfield,Koh Kong,csutterfieldpf@etsy.com,909 467 2215
Baxie Sergant,Lalukoen Dua,bsergantpg@cmu.edu,536 110 4089
Ricardo Presswell,Los Angeles,rpresswellph@pinterest.com,213 994 6611
Dal Crady,Barra do Bugres,dcradypi@narod.ru,201 461 9491
Evin Neal,Pyhäselkä,enealpj@ezinearticles.com,681 843 8097
Bartholomew Ballintime,Piasek,bballintimepk@tmall.com,573 986 7481
Celestine Dellit,Novohrad-Volyns’kyy,cdellitpl@unicef.org,909 326 6515
Lawry Henrichsen,Adtugan,lhenrichsenpm@tripod.com,659 561 2690
Adrianne Attwell,Heitan,aattwellpn@mtv.com,251 450 8823
Donnajean O'Keenan,Lameiro,dokeenanpo@live.com,221 357 4505
Carrie Coatham,Mohelno,ccoathampp@geocities.jp,991 441 1745
Markus Stolberg,Shanglaxiu,mstolbergpq@redcross.org,201 877 3854
Ashton Matusovsky,Helong,amatusovskypr@wordpress.org,299 636 9721
Ebeneser Boatman,Haradzishcha,eboatmanps@sbwire.com,258 323 1141
Francesco McMurray,Milwaukee,fmcmurraypt@reverbnation.com,206 446 0216
Sophey Johncey,Richmond,sjohnceypu@flavors.me,495 390 6586
Rosaline Palombi,La Cruz,rpalombipv@google.pl,808 317 1829
Uriah Skerm,Xiaoshan,uskermpw@bigcartel.com,532 852 1677
Bonny Knibley,Meitang,bknibleypx@surveymonkey.com,492 749 2952
Christy Dowall,Pumaqangtang,cdowallpy@oracle.com,266 302 1305
Kermie Dykes,Lampa,kdykespz@ted.com,780 250 7031
Wilona Cawse,São José,wcawseq0@rakuten.co.jp,859 990 6793
Karmen Joska,Pajagan,kjoskaq1@imageshack.us,689 244 6785
Delly Collier,Bouca,dcollierq2@google.com.br,212 171 9658
Torrance Oury,Dongzaogang,touryq3@springer.com,782 289 6047
Gayleen Malloch,Gasan,gmallochq4@amazon.com,673 200 7592
Neall Rumbellow,Arrah,nrumbellowq5@irs.gov,890 313 3736
Dona Fair,Tullinge,dfairq6@mtv.com,669 281 5114
Janice Belchambers,Montbrison,jbelchambersq7@weibo.com,762 825 1409
Sutherland Cleave,Vera Cruz,scleaveq8@businessinsider.com,426 393 0477
Margaux Tyas,Panambi,mtyasq9@marriott.com,402 376 4363
De McClurg,Staré Město,dmcclurgqa@merriam-webster.com,133 401 5111
Carena Menis,Waldbredimus,cmenisqb@parallels.com,179 602 1440
Catherin Zmitrovich,Panórama,czmitrovichqc@answers.com,471 607 0947
Flin Brugsma,Taihua,fbrugsmaqd@businessweek.com,570 832 2120
Hersch Cathenod,Panino,hcathenodqe@blinklist.com,663 290 0268
Lyon Hayesman,Mastaiciai,lhayesmanqf@army.mil,716 792 3879
Abel Enbury,Vagos,aenburyqg@latimes.com,892 381 3703
Vittorio Georgiades,Dukou,vgeorgiadesqh@va.gov,955 881 1868
Jonathon Fludgate,Guyancourt,jfludgateqi@ibm.com,771 811 6550
Roy Conring,Bisée,rconringqj@amazon.co.jp,744 319 0877
Binky Trimbey,Casal das Figueiras,btrimbeyqk@army.mil,271 137 4074
Cazzie Govan,Bronx,cgovanql@cpanel.net,914 127 4106
Celestina Dickenson,Solânea,cdickensonqm@narod.ru,355 287 4516
Alvie Forster,Criciúma,aforsterqn@quantcast.com,332 236 9938
Rodge Lampart,Mamfe,rlampartqo@jalbum.net,233 859 0838
Fidelio Littleproud,Camacha,flittleproudqp@upenn.edu,663 681 1422
Pasquale Soutter,Osoyoos,psoutterqq@biblegateway.com,105 916 0305
Kelsey Skinn,Lanhas,kskinnqr@over-blog.com,480 582 5904
Erwin Schorah,Fangshan,eschorahqs@cbslocal.com,526 875 5061
Corella Brayshay,Šilheřovice,cbrayshayqt@mail.ru,269 269 2532
Any Delatour,Mladá Boleslav,adelatourqu@phoca.cz,408 752 2872
Ernst McNea,Wenfu,emcneaqv@gmpg.org,899 606 4659
Nikolai McCandie,Puan,nmccandieqw@soundcloud.com,481 128 9117
Trumann Roughley,Kano,troughleyqx@dyndns.org,145 486 8673
Arne Gerok,Bugo,agerokqy@about.com,225 220 1448
Rochester Elcum,Guoxiang,relcumqz@indiegogo.com,828 309 1027
Elden Tomaszkiewicz,Shanhe,etomaszkiewiczr0@1688.com,268 274 1979
Archy Jako,Tadrart,ajakor1@netscape.com,858 607 1420
Nessie Batchelor,Chernivtsi,nbatchelorr2@tuttocitta.it,193 852 6152
Joanna Frangione,Spas’ke,jfrangioner3@cisco.com,639 976 7338
Fidela Masey,Santa Rosa,fmaseyr4@adobe.com,483 628 6340
Veronike Orgill,Višňova,vorgillr5@twitter.com,505 398 2501
Elysee Pechard,Sibay,epechardr6@oakley.com,358 139 2935
Margi Scollick,Pokrovskoye,mscollickr7@amazon.co.uk,743 114 0970
Kelly Spadazzi,Esperanza,kspadazzir8@arizona.edu,534 473 2595
Burnard Chalice,Kanal,bchalicer9@goodreads.com,941 291 2693
Fin Gother,Pyzdry,fgotherra@squarespace.com,129 547 6864
Batholomew Cornes,Khawr Fakkān,bcornesrb@ebay.com,340 354 8896
Tilly Seckom,Steinfort,tseckomrc@google.cn,276 270 4141
Ilene Mainston,Muravlenko,imainstonrd@bloglovin.com,487 283 7858
Johanna Margaret,Qiaozhen,jmargaretre@nymag.com,624 651 0848
Wynnie Yesenev,Jepat Kidul,wyesenevrf@issuu.com,453 960 2413
Holly Bonde,Al ‘Alamayn,hbonderg@answers.com,682 789 9465
Teddy Truelove,Qohord-e Bālā,ttrueloverh@goodreads.com,236 189 4132
Carlynne Oppie,Xiaogang,coppieri@oracle.com,699 193 2812
Sheree Simionato,Dazhongzhuang,ssimionatorj@state.tx.us,606 543 4072
Findley Baxter,Selmes,fbaxterrk@histats.com,666 734 3547
Yolanthe Akred,Valenciennes,yakredrl@plala.or.jp,675 528 4411
Anton Wyley,Nuwaybi‘a,awyleyrm@nytimes.com,657 269 4682
Louis Brick,Ulaanbaatar,lbrickrn@dell.com,675 665 2995
Hans Farran,Jieshui,hfarranro@skype.com,314 807 3796
Leonhard Folliss,La Palma,lfollissrp@sakura.ne.jp,782 990 0760
Myriam Immins,Besançon,mimminsrq@discuz.net,349 536 7186
Annalise Itzkovitch,Donetsk,aitzkovitchrr@virginia.edu,301 394 0458
